D:\Fork\Test Integridad\1\test0,3b299c8b4ff03629d36bcc13d8acd43f237a17b0
D:\Fork\Test Integridad\1\test1,3b299c8b4ff03629d36bcc13d8acd43f237a17b0
D:\Fork\Test Integridad\1\test10,3b299c8b4ff03629d36bcc13d8acd43f237a17b0
D:\Fork\Test Integridad\1\test11,3b299c8b4ff03629d36bcc13d8acd43f237a17b0
D:\Fork\Test Integridad\1\test12,3b299c8b4ff03629d36bcc13d8acd43f237a17b0
D:\Fork\Test Integridad\1\test13,3b299c8b4ff03629d36bcc13d8acd43f237a17b0
D:\Fork\Test Integridad\1\test14,3b299c8b4ff03629d36bcc13d8acd43f237a17b0
D:\Fork\Test Integridad\1\test15,3b299c8b4ff03629d36bcc13d8acd43f237a17b0
D:\Fork\Test Integridad\1\test16,3b299c8b4ff03629d36bcc13d8acd43f237a17b0
D:\Fork\Test Integridad\1\test17,3b299c8b4ff03629d36bcc13d8acd43f237a17b0
D:\Fork\Test Integridad\1\test18,3b299c8b4ff03629d36bcc13d8acd43f237a17b0
D:\Fork\Test Integridad\1\test19,3b299c8b4ff03629d36bcc13d8acd43f237a17b0
D:\Fork\Test Integridad\1\test2,3b299c8b4ff03629d36bcc13d8acd43f237a17b0
D:\Fork\Test Integridad\1\test3,3b299c8b4ff03629d36bcc13d8acd43f237a17b0
D:\Fork\Test Integridad\1\test4,3b299c8b4ff03629d36bcc13d8acd43f237a17b0
D:\Fork\Test Integridad\1\test5,3b299c8b4ff03629d36bcc13d8acd43f237a17b0
D:\Fork\Test Integridad\1\test6,3b299c8b4ff03629d36bcc13d8acd43f237a17b0
D:\Fork\Test Integridad\1\test7,3b299c8b4ff03629d36bcc13d8acd43f237a17b0
D:\Fork\Test Integridad\1\test8,3b299c8b4ff03629d36bcc13d8acd43f237a17b0
D:\Fork\Test Integridad\1\test9,3b299c8b4ff03629d36bcc13d8acd43f237a17b0
D:\Fork\Test Integridad\2\test0,3b299c8b4ff03629d36bcc13d8acd43f237a17b0
D:\Fork\Test Integridad\2\test1,3b299c8b4ff03629d36bcc13d8acd43f237a17b0
D:\Fork\Test Integridad\2\test2,3b299c8b4ff03629d36bcc13d8acd43f237a17b0
D:\Fork\Test Integridad\2\test3,3b299c8b4ff03629d36bcc13d8acd43f237a17b0
D:\Fork\Test Integridad\2\test4,3b299c8b4ff03629d36bcc13d8acd43f237a17b0
D:\Fork\Test Integridad\2\test5,3b299c8b4ff03629d36bcc13d8acd43f237a17b0
D:\Fork\Test Integridad\2\test6,3b299c8b4ff03629d36bcc13d8acd43f237a17b0
D:\Fork\Test Integridad\2\test7,3b299c8b4ff03629d36bcc13d8acd43f237a17b0
D:\Fork\Test Integridad\2\test8,3b299c8b4ff03629d36bcc13d8acd43f237a17b0
D:\Fork\Test Integridad\2\test9,3b299c8b4ff03629d36bcc13d8acd43f237a17b0
